<?xml version="1.0" encoding="UTF-8" ?>
<!DOCTYPE mapper PUBLIC "-//mybatis.org//DTD Mapper 3.0//EN" "http://mybatis.org/dtd/mybatis-3-mapper.dtd">
<mapper namespace="com.finalproject.mapper.PrivateChatMapper">

    <!-- PrivateChatDTO에 해당하는 resultMap -->
    <resultMap id="privateChatResultMap" type="com.finalproject.dto.PrivateChatDTO">
        <id column="MESSAGE_ID" property="messageId"/>
        <result column="SENDER_ID" property="senderId"/>
        <result column="RECEIVER_ID" property="receiverId"/>
        <result column="MESSAGE_CONTENT" property="messageContent"/>
        <result column="MESSAGE_DATE" property="messageDate"/>
    </resultMap>

    <!-- 메시지 추가 -->
    <insert id="insertMessage">
        INSERT INTO PRIVATE_CHAT (SENDER_ID, RECEIVER_ID, MESSAGE_CONTENT, MESSAGE_DATE)
        VALUES (#{senderId}, #{receiverId}, #{messageContent}, SYSTIMESTAMP)
    </insert>

    <!-- 대화 내용 조회 -->
    <select id="selectConversation" resultMap="privateChatResultMap">
        SELECT * FROM PRIVATE_CHAT
        WHERE (SENDER_ID = #{userId1} AND RECEIVER_ID = #{userId2})
           OR (SENDER_ID = #{userId2} AND RECEIVER_ID = #{userId1})
        ORDER BY MESSAGE_DATE
    </select>
</mapper>
