<?xml version="1.0" encoding="UTF-8"?>
<!DOCTYPE mapper PUBLIC "-//mybatis.org//DTD Mapper 3.0//EN" "https://mybatis.org/dtd/mybatis-3-mapper.dtd">
<mapper namespace="com.finalproject.mapper.UserInfoMapper">
    <!-- UserDTO에 해당하는 resultMap -->
    <resultMap id="userInfoResultMap" type="com.finalproject.dto.UserDTO">
        <id column="USER_ID" property="userId"/>
        <result column="USER_EMAIL" property="userEmail"/>
        <result column="USER_PASSWD" property="userPasswd"/>
        <result column="USER_NICK" property="userNick"/>
        <result column="USER_PRO_IMG" property="userProImg"/>
        <result column="USER_ADDRESS" property="userAddress"/>
        <result column="LATITUDE" property="latitude"/>
        <result column="LONGITUDE" property="longitude"/>
        <result column="RANK_NO" property="rankNo"/>
    </resultMap>
    
    <!-- 전체 유저 조회 -->
    <select id="selectAllUser" resultMap="userInfoResultMap">
        SELECT * FROM users
    </select>
</mapper>