<?xml version="1.0" encoding="UTF-8" ?>
<!DOCTYPE mapper PUBLIC "-//mybatis.org//DTD Mapper 3.0//EN" "http://mybatis.org/dtd/mybatis-3-mapper.dtd">
<mapper namespace="com.finalproject.mapper.InquiryMapper">

    <!-- InquiryDTO에 해당하는 resultMap -->
    <resultMap type="com.finalproject.dto.InquiryDTO" id="inquiry">
        <id column="ID" property="id"/>
        <result column="USER_ID" property="userId"/>
        <result column="TITLE" property="title"/>
        <result column="MESSAGE" property="message"/>
        <result column="CREATED_AT" property="createdAt"/>
    </resultMap>

    <!-- 문의사항 저장 -->
    <insert id="insertInquiry">
        INSERT INTO inquiries (user_id, title, message, created_at)
        VALUES (#{userId}, #{title}, #{message}, SYSTIMESTAMP)
    </insert>

    <!-- 전체 문의사항 조회 -->
    <select id="selectAllInquiries" resultMap="inquiry">
        SELECT * FROM inquiries
    </select>
</mapper>